<?xml version="1.0" encoding="UTF-8"?>
<project-private xmlns="http://www.netbeans.org/ns/project-private/1">
    <editor-bookmarks xmlns="http://www.netbeans.org/ns/editor-bookmarks/2" lastBookmarkId="0"/>
    <open-files xmlns="http://www.netbeans.org/ns/projectui-open-files/2">
        <group>
            <file>file:/D:/JavaWeb_HoaDoan/UserManagementV2_T2S1/web/admin.jsp</file>
            <file>file:/D:/JavaWeb_HoaDoan/UserManagementV2_T2S1/web/login.jsp</file>
            <file>file:/D:/JavaWeb_HoaDoan/UserManagementV2_T2S1/web/error.jsp</file>
            <file>file:/D:/JavaWeb_HoaDoan/UserManagementV2_T2S1/src/java/sample/controllers/UpdateController.java</file>
            <file>file:/D:/JavaWeb_HoaDoan/UserManagementV2_T2S1/web/user.jsp</file>
            <file>file:/D:/JavaWeb_HoaDoan/UserManagementV2_T2S1/src/java/sample/controllers/MainController.java</file>
            <file>file:/D:/JavaWeb_HoaDoan/UserManagementV2_T2S1/src/java/sample/user/UserDAO.java</file>
            <file>file:/D:/JavaWeb_HoaDoan/UserManagementV2_T2S1/src/java/sample/controllers/DeleteController.java</file>
            <file>file:/D:/JavaWeb_HoaDoan/UserManagementV2_T2S1/src/java/sample/controllers/SearchController.java</file>
        </group>
    </open-files>
</project-private>
